[
    {
        "id": 1388534400000,
        "author": "Pete Hunt",
        "text": "Hey there!"
    },
    {
        "id": 1420070400000,
        "author": "Léo",
        "text": "React is *great*!"
    },
    {
        "id": 1462975690283,
        "author": "NiCo",
        "text": "C'est super"
    },
    {
        "id": 1464722700735,
        "author": "NiS",
        "text": "good!"
    },
    {
        "id": "NiS1464723038141",
        "author": "NiS",
        "text": "super"
    },
    {
        "id": "fdgdfg1464723960754",
        "author": "fdgdfg",
        "text": "ggdfg"
    }
]